https://dokodemo.world/en/es/products/804/,99
https://dokodemo.world/en/es/products/20587/,38
https://dokodemo.world/en/es/products/51833/,22
https://dokodemo.world/en/es/products/54201/,15
https://dokodemo.world/en/es/products/106681/,14
https://dokodemo.world/en/es/products/20589/,7
https://dokodemo.world/en/es/products/248759/,5
https://dokodemo.world/en/es/products/1114536/,4
https://dokodemo.world/en/es/products/731/,3
https://dokodemo.world/en/es/products/215670/,2
https://dokodemo.world/en/es/products/32522/,2
https://dokodemo.world/en/es/products/31662/,2
https://dokodemo.world/en/es/products/32519/,2
https://dokodemo.world/en/es/products/1098381/,1
https://dokodemo.world/en/es/products/218190/,1
https://dokodemo.world/en/es/products/32513/,1
https://dokodemo.world/en/es/products/32518/,1
https://dokodemo.world/en/es/products/120396/,1
https://dokodemo.world/en/es/products/1305601/,0
https://dokodemo.world/en/es/products/1305603/,0
https://dokodemo.world/en/es/products/1305605/,0
https://dokodemo.world/en/es/products/1323797/,0
https://dokodemo.world/en/es/products/1326470/,0
https://dokodemo.world/en/es/products/1326471/,0
https://dokodemo.world/en/es/products/1326467/,0
https://dokodemo.world/en/es/products/1337055/,0
https://dokodemo.world/en/es/products/1337144/,0
https://dokodemo.world/en/es/products/220135/,0
https://dokodemo.world/en/es/products/1106013/,0
https://dokodemo.world/en/es/products/211401/,0
https://dokodemo.world/en/es/products/212994/,0
https://dokodemo.world/en/es/products/1342289/,0
https://dokodemo.world/en/es/products/211402/,0
https://dokodemo.world/en/es/products/253583/,0
https://dokodemo.world/en/es/products/1105974/,0
https://dokodemo.world/en/es/products/253609/,0
https://dokodemo.world/en/es/products/220134/,0
https://dokodemo.world/en/es/products/215861/,0
https://dokodemo.world/en/es/products/32869/,0
https://dokodemo.world/en/es/products/255840/,0
https://dokodemo.world/en/es/products/255873/,0
